fecha,H1Q1,H1Q2,H1Q3,H1Q4,H2Q1,H2Q2,H2Q3,H2Q4,H3Q1,H3Q2,H3Q3,H3Q4,H4Q1,H4Q2,H4Q3,H4Q4,H5Q1,H5Q2,H5Q3,H5Q4,H6Q1,H6Q2,H6Q3,H6Q4,H7Q1,H7Q2,H7Q3,H7Q4,H8Q1,H8Q2,H8Q3,H8Q4,H9Q1,H9Q2,H9Q3,H9Q4,H10Q1,H10Q2,H10Q3,H10Q4,H11Q1,H11Q2,H11Q3,H11Q4,H12Q1,H12Q2,H12Q3,H12Q4,H13Q1,H13Q2,H13Q3,H13Q4,H14Q1,H14Q2,H14Q3,H14Q4,H15Q1,H15Q2,H15Q3,H15Q4,H16Q1,H16Q2,H16Q3,H16Q4,H17Q1,H17Q2,H17Q3,H17Q4,H18Q1,H18Q2,H18Q3,H18Q4,H19Q1,H19Q2,H19Q3,H19Q4,H20Q1,H20Q2,H20Q3,H20Q4,H21Q1,H21Q2,H21Q3,H21Q4,H22Q1,H22Q2,H22Q3,H22Q4,H23Q1,H23Q2,H23Q3,H23Q4,H24Q1,H24Q2,H24Q3,H24Q4
2025-03-01,103.7019,105.8682,101.4389,110.431,87.6119,86.2946,84.7038,82.1897,81.9769,82.9928,82.0496,82.9407,78.8131,80.3184,79.9892,77.5593,74.1149,74.0832,74.4492,74.1927,69.8865,70.181,71.5301,71.4025,78.3154,76.391,77.774,81.5996,84.6038,83.113,83.252,83.0312,83.9913,86.0018,81.7456,79.9413,73.9678,70.2504,72.2524,71.5294,53.367,56.1267,55.5488,53.4775,46.0357,44.21,45.6203,44.1339,39.6859,39.7348,40.5083,40.4709,40.3819,39.8426,39.1847,39.3108,34.7218,36.3346,35.7218,34.4219,32.19,33.1463,31.2165,30.3672,36.5751,37.0104,35.8932,29.5213,40.3419,39.1567,40.4771,38.7444,65.9336,66.4912,66.1347,67.5204,71.203,72.6476,70.0176,69.3317,78.7918,78.7641,78.8188,85.0654,76.3239,77.119,80.598,80.1192,81.5169,82.9153,80.5066,85.0212,66.5053,64.0121,65.3602,69.2424
2025-03-02,64.8596,61.2813,63.4044,58.4546,52.0516,51.4224,50.9117,51.9343,51.3344,49.8528,51.5819,47.3509,48.4975,49.2565,49.6602,49.3859,51.0597,49.4447,50.0114,52.2043,51.3782,50.7068,52.2835,51.9515,52.5848,49.9751,50.1271,55.193,50.5866,52.0219,54.0539,50.9376,51.5046,52.1608,50.8081,53.1264,51.4122,50.4846,52.4702,55.6329,61.6571,60.0699,62.2135,58.0595,49.1943,48.9643,49.5095,48.3318,27.7694,28.1386,27.0624,27.0296,38.2108,40.0919,39.5136,42.1836,42.1671,43.618,41.2696,41.7053,52.7,52.8912,52.3805,49.6284,77.7602,75.3461,75.0106,76.0431,84.222,83.687,84.816,77.235,89.8808,92.4539,88.9965,86.6688,111.559,109.4008,111.4674,123.3729,126.931,121.2646,123.7454,127.5391,126.9265,123.7685,126.1279,109.9371,89.7033,87.1072,94.3175,94.872,76.7927,79.1438,79.3438,80.7198
2025-03-03,77.3186,81.2853,81.28,75.316,73.8096,72.957,73.28,71.9534,67.0149,68.1733,68.3564,70.4554,67.8339,70.1819,67.0593,70.9249,67.951,65.549,69.2547,71.5253,79.7862,79.5929,83.3343,71.7265,94.7645,91.2643,98.0885,87.8826,102.6727,106.2428,106.1459,103.2586,112.9943,118.2545,115.8185,112.9327,105.7811,103.1761,107.3404,102.0224,103.8268,101.9374,108.684,108.0718,103.0765,104.0502,108.0357,100.6776,92.5601,91.6322,92.437,85.2906,88.9365,91.6095,92.2656,88.1484,67.9286,66.6374,62.0785,70.9955,87.4089,86.6388,85.8035,85.9088,100.0448,99.0248,98.9026,96.0277,97.2026,97.2498,100.8748,105.1928,111.6697,111.8098,111.8714,110.6491,136.1155,135.0974,135.4267,133.3604,149.7652,151.7955,147.4741,146.9652,124.8584,124.4844,123.1694,119.1279,113.9124,115.8522,117.0044,113.231,96.3168,98.5324,98.5375,100.2533
2025-03-04,98.8146,98.8975,97.0714,105.7366,101.7306,100.8507,102.7254,110.6933,99.9246,99.962,101.8043,102.5092,99.7551,98.6809,98.6947,103.3893,96.7848,98.6123,98.5771,102.0258,105.9953,105.8072,105.6882,92.9493,100.8894,94.4527,98.0914,93.6864,108.235,107.6201,111.2319,99.313,114.9279,111.4008,110.6764,99.955,100.4203,100.4244,104.1484,105.807,95.3557,92.9921,95.2634,98.3888,78.4126,79.321,77.6825,75.984,63.4972,63.8479,64.0612,63.9536,49.0848,51.0843,52.4898,48.3011,56.0046,53.527,55.2042,55.6642,64.434,64.3521,67.6359,70.5779,80.1243,78.9081,76.7288,84.2387,98.469,101.3282,101.0644,103.1384,104.0048,105.7535,101.8863,98.6754,145.6396,143.8829,142.8543,144.7432,131.3553,134.5609,129.3127,132.771,120.335,121.147,117.7041,111.2939,103.4963,100.1032,107.9479,100.3326,104.7304,103.0545,102.818,100.197
2025-03-05,86.7792,84.8871,86.4886,85.8451,82.4626,84.8397,82.8683,85.8294,85.1719,83.4588,84.1109,81.8984,84.8805,81.2972,80.4296,73.3927,79.2603,77.5612,80.9259,79.0126,78.475,76.0979,78.5919,70.8352,83.4723,80.7453,82.5741,87.8482,106.857,108.5424,110.5172,110.6434,97.8549,99.5301,100.0883,101.2867,80.8066,80.5222,82.1431,84.5281,71.4356,69.3582,69.1529,70.8534,49.8589,50.2908,49.4599,50.3903,41.611,41.6967,40.9901,43.2622,35.0653,34.798,36.3222,34.5745,34.9367,35.6242,35.569,35.0702,49.4127,49.2834,50.0818,53.3421,70.2954,68.5792,68.4656,70.1398,75.4917,79.3676,80.5015,84.6392,89.7951,89.7673,88.4183,88.0193,110.8054,113.1783,111.0083,110.2479,107.7413,115.1452,110.4143,117.9792,109.6859,110.3876,108.3497,98.4169,98.7292,100.6304,94.8461,93.6342,80.8695,80.8456,78.9187,81.2062
2025-03-06,63.5045,60.2957,60.1144,60.0855,56.3006,57.1668,55.3309,55.2017,61.261,62.6283,60.2572,63.8536,66.7112,66.6237,67.164,70.5011,68.7042,71.4888,70.1618,65.2452,70.8717,70.5224,72.0897,69.8762,76.6035,77.3159,78.0769,71.8036,95.5439,93.1949,97.4475,103.7737,101.7416,102.1643,100.3707,102.0435,78.484,79.7361,79.8219,77.358,72.9154,67.9896,68.6971,74.398,72.2829,71.0591,71.3229,66.1351,67.3154,67.061,67.9711,68.4525,58.873,58.1819,58.6722,64.2329,54.3164,54.885,56.0095,51.549,55.3803,55.4919,56.8576,52.1501,59.0851,58.8696,59.3678,62.7175,76.842,80.1693,76.4547,74.494,103.6752,100.0497,101.9976,98.2775,127.7489,127.3704,127.9272,121.0334,115.4086,120.4678,119.3284,112.8353,104.0392,106.5827,103.2695,108.1485,92.1347,89.8312,93.2908,92.5834,81.2787,78.8868,77.7278,68.5067
2025-03-07,75.9462,77.9203,79.1839,76.2696,69.8664,70.1712,67.658,72.2644,62.8456,61.6098,66.4253,64.8393,60.5799,60.8861,59.7672,58.8067,58.4668,60.4122,59.4385,62.4824,62.7804,64.081,64.1507,65.0279,67.735,66.9354,66.6527,70.5968,77.1097,79.0083,74.6654,77.6165,76.1327,76.8899,76.8955,78.6419,61.5361,64.7187,62.7699,60.0553,59.1429,58.0916,60.1127,63.9329,36.0511,35.1352,33.4158,35.3979,19.914,20.5204,20.9118,20.5339,7.8421,7.8434,7.9896,7.6049,24.5081,23.5788,24.1103,23.4028,14.4016,14.3673,14.8538,15.0974,21.713,22.416,22.4808,22.7502,30.2669,29.0733,29.9775,29.6823,43.2214,44.6371,42.6911,42.7703,43.1317,44.5434,43.3516,45.3732,50.8661,53.1588,52.6513,52.1238,46.9834,49.0874,48.9042,55.025,50.6485,51.4945,52.1011,45.756,44.4635,42.8895,42.8592,45.1478
2025-03-08,28.4526,29.2852,29.7433,28.5188,12.7033,13.3618,13.4472,13.2876,13.2837,14.0826,13.3421,12.0916,12.2079,12.3499,12.0679,12.1742,7.0337,7.251,7.3578,7.1176,4.9766,5.0934,4.9626,4.9674,9.1952,8.9383,8.9956,8.4709,11.1292,10.6676,10.9202,11.123,5.1875,5.0037,5.1422,4.6666,7.1147,6.7391,7.0896,7.0166,3.4442,3.5384,3.4909,3.6065,3.5215,3.515,3.5371,3.5063,2.9633,2.9103,2.9302,3.1562,1.0185,1.0351,1.0047,0.9418,0.0712,0.0714,0.0681,0.0693,0.0193,0.02,0.0193,0.0215,0.6465,0.6311,0.6419,0.6805,3.4675,3.5568,3.4747,3.581,34.2057,35.0342,37.1399,33.6202,43.8096,41.725,43.4593,44.5261,43.4056,41.3697,42.2997,37.845,41.5626,41.6277,41.5133,37.8963,40.2268,39.8528,39.7778,40.1426,38.1918,38.4268,37.1402,38.6412
2025-03-09,35.202,35.3713,35.4764,35.5503,34.7938,35.5792,34.9373,34.7297,34.7481,34.1546,34.4699,36.6674,33.4432,33.3694,31.9599,34.3874,30.5292,29.5518,29.4342,30.3648,32.1079,32.1392,30.9564,30.3966,31.5846,31.0407,32.3323,32.2825,35.639,34.6942,35.9879,33.6789,35.649,34.9135,35.5088,33.9288,28.3172,29.1166,29.4177,30.2285,10.0979,10.5227,10.1629,9.6165,9.1972,8.8907,9.0958,9.3363,12.9948,13.8349,13.0907,12.8796,7.1169,7.2748,7.1939,6.8145,3.422,3.5652,3.5704,3.5224,17.3269,17.5522,17.4265,17.2544,34.0533,34.6177,35.0245,36.3446,47.124,48.1968,48.6451,46.754,89.5081,88.359,91.4798,86.7331,124.8429,125.3834,122.6135,125.1602,127.0458,130.1728,129.5122,123.6693,115.2281,115.6791,116.1212,115.6117,95.2304,96.681,96.0522,100.1964,85.6529,88.3284,87.8071,90.4516
2025-03-10,83.0429,84.1611,85.3612,89.4748,73.6462,78.3177,78.4474,81.7088,73.9637,72.1459,70.9618,74.9686,72.2117,69.3757,72.0857,71.5669,65.8047,65.3633,67.0938,68.5382,75.0968,73.1999,73.07,72.3534,96.2733,101.2493,99.7252,101.0722,122.3931,126.3227,119.2621,124.2621,128.7045,130.0226,129.2438,132.0691,90.4815,95.6661,94.9421,98.9104,84.6847,86.4458,82.6787,78.1508,78.6021,78.3958,78.2653,76.7368,75.81,76.61,77.7548,73.9052,76.0181,80.3162,78.1069,74.8388,75.9689,72.1886,75.494,78.3885,67.7742,69.9085,70.4435,68.3138,79.6713,77.6013,77.7439,76.4234,96.7623,91.9783,95.0915,99.8479,116.5677,119.0739,116.767,118.9515,154.3291,151.4647,154.6733,147.7329,137.5701,135.7653,134.1166,118.9481,112.5474,109.1979,108.3176,109.9371,98.3224,100.3923,102.9907,98.2947,90.6677,92.8664,89.7335,94.7324
2025-03-11,88.813,92.5743,89.7587,92.854,86.2076,90.9742,87.5707,85.0475,84.3949,84.083,85.1746,84.2275,81.2023,82.4545,84.1696,81.6136,81.8335,78.5333,81.2883,87.7849,93.3429,94.0039,92.5908,87.7423,95.4875,90.8904,95.2042,89.618,115.0517,116.1294,108.1996,118.8993,129.2465,127.5529,131.8993,119.1413,101.3106,98.9843,99.3215,104.1036,92.9712,92.7895,91.0578,92.0616,78.3093,82.4628,79.619,79.6089,82.8064,82.0402,85.2718,81.5616,79.6267,76.295,77.7508,77.8074,73.6295,77.8337,75.6679,72.8689,68.7138,68.6351,69.8561,69.1949,68.7608,71.2652,67.8318,68.5422,80.4878,84.8604,81.8006,82.8512,117.7981,116.5327,111.4318,112.2373,155.5917,157.6554,156.8071,159.9457,138.6775,136.1618,137.6061,138.9147,121.7442,122.5539,117.4593,115.5625,108.2765,108.5045,105.8825,112.4565,107.1514,106.3544,106.2623,100.8719
2025-03-12,84.8028,86.4823,86.6435,82.0314,73.6593,71.7256,72.4747,70.0205,68.5648,68.6551,70.4698,68.7103,71.657,71.3603,72.4488,70.8539,72.0932,70.0749,70.2244,72.1675,71.0145,70.7505,69.7171,68.5579,80.4001,78.3445,75.5256,79.7298,101.4522,100.0841,105.4691,105.3147,105.5006,104.6883,99.7095,107.8616,82.5254,84.7441,82.0269,90.7036,77.2922,75.694,75.6332,74.7806,71.8788,70.6153,70.484,74.9019,67.7672,70.4231,70.9643,72.4055,69.6781,69.6155,68.706,72.0404,70.3619,66.6603,68.4805,74.5373,70.8903,71.1032,72.1437,73.1827,74.7219,75.2436,76.9024,73.1721,105.9479,104.4238,105.6865,96.2618,135.0002,131.3797,126.8135,128.4466,180.2784,173.2089,183.3935,169.8792,151.508,144.8608,143.1856,145.9256,130.3917,132.028,135.6314,130.7488,117.0713,122.1353,115.1342,125.6591,112.6106,109.7739,110.35,106.9056
2025-03-13,108.3498,110.6312,109.3893,105.9497,107.0123,99.8491,101.6041,105.3745,98.5607,102.714,97.8897,105.8357,99.8591,95.2948,97.4732,87.8529,89.062,91.1572,91.9407,91.04,97.6113,98.5501,102.1321,97.7065,112.8319,111.2912,114.434,101.4828,146.4677,153.1696,151.1229,158.3598,160.9277,159.9207,160.1114,144.6802,138.3387,141.5812,143.0576,137.0225,120.6502,115.4019,115.9645,118.2234,111.0834,113.6672,111.9199,105.4895,105.6165,98.815,102.1933,104.3752,96.0737,95.6342,91.5892,97.1829,94.4365,93.0202,91.5221,90.5411,94.7119,89.3266,91.5292,94.3124,94.0279,93.0773,91.9658,90.449,92.186,92.0391,94.0879,91.567,106.4502,108.562,102.7215,110.6663,164.8643,168.9099,162.4755,147.1903,148.7424,147.414,151.1,148.7437,124.8756,124.4553,121.2365,135.4726,104.0034,102.8997,103.0127,104.0841,81.8962,80.7483,82.2075,82.748
2025-03-14,48.687,49.6353,49.4708,51.2069,37.69,38.066,38.5406,41.7034,34.7074,35.2824,34.8168,35.5933,34.9742,34.7249,33.2426,37.0983,36.9088,36.382,36.8819,37.8273,41.6371,42.8381,42.2412,42.4036,63.7365,63.8298,62.1319,61.6619,97.3749,96.2393,93.7943,95.7916,96.0769,96.4813,98.7772,93.8646,62.6616,65.1139,64.0791,60.5454,36.4267,37.2211,38.4484,39.9039,24.2828,25.2392,25.701,24.777,24.5679,25.4053,25.3628,23.4641,18.7988,18.8074,18.8883,18.7854,5.8115,5.5833,5.7433,5.9018,4.8354,4.9656,4.9781,5.2208,13.5003,13.6506,13.889,14.9601,38.6337,35.9879,37.0923,36.2861,81.8737,82.7271,85.0086,83.7906,135.3378,135.6502,135.8212,131.1908,131.5151,124.5093,131.0177,132.998,111.2006,112.279,113.269,108.8115,105.0094,105.5879,101.7284,104.2343,97.4085,96.3293,96.3731,96.0491
2025-03-15,84.427,81.46,81.1706,81.9824,65.0582,66.3963,68.2356,67.4699,57.4804,59.7293,56.4945,64.0158,49.0285,50.1469,49.1774,50.4872,43.6577,44.3919,45.6135,45.217,46.0745,46.0932,45.3344,41.3779,49.9388,50.5673,48.4465,49.3674,58.5343,61.2417,60.7108,58.2332,34.8242,34.3722,33.66,34.0237,3.4448,3.5867,3.5971,3.4515,0.0,0.0,0.0,0.0,0.0,0.0,0.0,0.0,0.0,0.0,0.0,0.0,0.0,0.0,0.0,0.0,0.0,0.0,0.0,0.0,0.0204,0.0193,0.02,0.0203,1.006,1.0067,1.0116,0.9757,28.8391,30.3857,29.7893,29.066,85.9584,84.025,85.3078,84.7088,136.5455,132.9196,133.4805,128.8944,122.2318,117.5571,121.0415,125.0096,110.0143,107.445,108.4085,108.1321,104.9512,101.7534,106.723,106.6524,92.7052,96.0586,94.9958,97.2404
2025-03-16,82.3661,83.0408,84.1895,82.1235,71.1482,69.4001,69.7701,69.6816,63.8923,63.1276,66.2481,66.7321,63.5891,64.0511,65.4951,66.8647,61.3441,63.628,61.9655,65.1425,63.5393,64.2495,63.903,68.3082,65.3076,66.87,65.8822,61.9402,68.4334,66.9707,67.4738,68.322,60.4616,60.2585,60.5006,60.1793,39.5223,41.9337,39.4047,41.1392,25.2066,25.7011,24.9045,25.3878,11.285,10.7426,10.8868,11.3256,10.0273,10.7293,10.2615,11.0618,11.2021,11.5331,11.4357,11.3091,10.1422,10.0578,10.1068,9.4532,6.9148,6.9696,7.0854,6.9902,25.652,25.7512,24.8845,24.9124,44.9464,44.8039,45.5095,48.7402,82.6586,80.8726,82.5213,85.6675,141.6003,142.6162,138.1905,137.593,131.753,126.9819,128.5565,134.4287,113.4078,111.7144,111.4175,116.7003,107.4893,104.8154,107.1508,108.7445,88.696,89.7947,90.2373,87.272
2025-03-17,83.6647,82.6165,85.1399,82.7789,71.4472,69.9245,71.4118,72.2565,73.6533,70.8891,73.1444,80.9532,70.6279,70.5163,69.009,74.8868,70.6689,71.7748,69.5607,73.0355,69.8646,66.7458,70.2124,71.5772,78.9828,77.7698,81.6722,81.5352,137.0931,138.4262,136.6668,131.8538,137.7724,135.7737,137.9776,136.5163,98.6957,97.6068,98.4878,101.2097,78.949,80.9425,81.698,82.8106,70.1434,70.7657,69.5371,69.8338,58.8537,58.8481,61.1189,56.7792,48.8844,52.2248,49.4455,50.4053,49.8341,50.4463,50.7502,49.9294,60.2223,60.5214,61.9457,58.6707,71.6093,68.5625,68.9544,63.2738,80.4029,83.2587,80.3814,78.637,112.915,109.4907,106.0423,119.272,177.5899,173.409,172.8945,156.1066,138.7363,136.8316,140.6578,149.7743,111.0789,112.4155,110.8464,109.4993,106.7221,104.7687,104.691,100.5382,77.5198,74.7624,76.3365,74.7813
2025-03-18,69.931,69.7656,72.8518,70.6116,41.131,40.6806,41.3079,38.0805,38.077,38.8209,37.1686,37.2935,39.8386,40.2583,39.1673,40.7357,39.2308,38.7922,40.2926,40.8845,37.9194,38.473,38.6676,38.18,54.0036,54.1975,54.3202,54.3987,79.452,80.9038,77.0969,78.0274,94.2093,91.8431,96.7687,93.7389,70.001,72.8137,71.981,75.8043,37.375,38.3366,38.1984,37.4499,12.5869,12.9441,12.8994,12.9296,19.8842,19.607,20.4954,20.8133,5.2559,5.2375,5.1307,5.1359,6.1688,6.4457,6.0421,5.4634,24.8193,24.168,24.1721,25.2006,34.121,34.4699,32.7967,30.6124,41.2966,41.0791,41.3314,43.8529,71.975,70.1461,70.8941,74.9848,153.4153,150.0629,148.2431,151.4386,133.6081,139.6794,133.9348,140.6577,105.2165,107.6287,106.6483,103.2664,91.3239,91.3413,89.1051,92.0297,78.171,78.5687,74.9023,86.078
2025-03-19,46.2183,46.5099,46.5254,47.4665,43.8393,44.1255,44.1834,43.9318,41.1701,39.978,40.5375,37.9944,34.5436,35.1824,35.1585,35.1556,34.7987,33.7889,34.035,37.4174,35.2627,34.9137,34.7793,35.0443,73.8896,75.0302,75.7563,75.3238,121.6473,117.1984,116.8271,113.8472,35.1582,35.7907,36.6162,32.4749,20.3945,19.5988,20.1797,20.5871,5.8599,5.8802,6.2146,6.0452,0.2183,0.2167,0.2259,0.2191,0.0,0.0,0.0,0.0,0.0,0.0,0.0,0.0,0.0,0.0,0.0,0.0,0.0,0.0,0.0,0.0,0.098,0.0981,0.1002,0.1037,3.6003,3.5978,3.6968,3.5051,30.9176,31.3675,31.3018,30.8131,36.7815,36.9689,35.4189,37.5508,52.3569,54.1188,52.6305,52.7338,38.7824,38.6077,35.9896,39.6603,29.5451,29.928,29.9187,31.9682,15.9403,15.9456,15.824,16.6501
2025-03-20,7.7826,7.5849,8.1982,7.9943,6.1663,6.1031,5.9872,5.7435,3.4548,3.6939,3.4526,3.4787,3.6203,3.54,3.4546,3.4651,3.4612,3.4887,3.4744,3.6558,3.42,3.548,3.454,3.658,6.0888,5.9752,6.0137,5.9223,9.7169,9.6195,9.6755,9.788,14.0404,14.6534,13.6365,13.6697,4.9272,4.9583,4.8725,5.2419,3.425,3.4098,3.5127,3.7325,3.3803,3.4281,3.3202,3.5514,0.4219,0.4374,0.436,0.4246,0.6293,0.6601,0.6421,0.6685,3.4386,3.5671,3.5792,3.495,5.7863,6.1876,6.0208,6.3653,15.2854,15.3306,15.7784,15.4856,35.8286,35.1696,35.4794,33.5224,65.5608,62.8001,61.5629,61.9162,102.4438,102.8121,101.0597,100.0844,93.1797,97.6359,93.0609,91.0835,62.7264,60.5236,64.9107,67.7993,51.3975,48.9511,50.6959,49.7956,40.9804,41.3144,40.7793,42.286
2025-03-21,16.7049,17.0004,16.5404,16.7142,9.06,9.0005,9.3925,9.347,5.5961,5.7612,5.5505,5.8922,4.0181,4.146,4.2124,4.4234,3.5908,3.5702,3.5366,3.3824,3.9894,4.2333,4.071,4.5062,8.7129,9.1559,9.0137,8.5174,16.6108,16.8557,17.2415,17.2919,10.5524,10.5381,10.3494,10.9602,3.5525,3.562,3.4593,3.5062,3.3755,3.6439,3.4661,3.5946,0.7451,0.7265,0.7281,0.7603,0.6616,0.645,0.6592,0.6342,0.1826,0.1779,0.1808,0.1786,0.1826,0.1843,0.1788,0.1743,0.6493,0.6372,0.6594,0.6541,1.1009,1.0699,1.0911,1.138,3.508,3.4751,3.4661,3.6308,9.1857,9.5086,9.4103,9.8954,35.609,34.8926,35.5543,33.9441,39.0215,40.263,40.545,40.1704,35.4985,34.7864,34.3669,35.3882,30.3884,29.2823,28.7064,29.303,14.9258,15.0877,14.7785,15.208
2025-03-22,3.5466,3.5812,3.5149,3.4373,3.5896,3.5099,3.4854,3.4951,1.0315,1.0121,1.0017,0.9546,0.4822,0.4862,0.4834,0.5481,0.4993,0.4995,0.5039,0.4973,1.0203,0.9696,0.9731,1.037,0.6379,0.6556,0.6534,0.653,0.4895,0.4928,0.5035,0.5141,0.1001,0.102,0.0983,0.0996,0.0,0.0,0.0,0.0,0.0,0.0,0.0,0.0,0.0,0.0,0.0,0.0,0.0,0.0,0.0,0.0,0.0,0.0,0.0,0.0,0.0,0.0,0.0,0.0,-0.0101,-0.0097,-0.0101,-0.0101,0.0,0.0,0.0,0.0,0.671,0.6383,0.6241,0.6666,10.6756,10.4063,10.7507,10.1673,39.9143,39.9858,40.4687,39.6311,76.1829,76.1766,77.6657,74.0149,51.1169,52.6283,52.3472,52.1076,42.5145,44.8812,44.5778,43.6266,36.1007,34.7061,34.2499,34.9833
2025-03-23,37.2232,34.3057,34.4596,34.0515,33.9234,33.261,33.8272,33.1884,19.448,19.3036,19.7526,21.3758,10.2369,10.0933,10.3441,9.7257,8.4555,8.532,8.3472,8.6653,8.4886,8.5307,8.6023,9.3384,10.5041,9.8438,9.9236,10.1284,15.4162,14.8017,15.1774,14.6047,7.0707,7.2577,7.4759,7.7957,3.4025,3.5325,3.5223,3.6227,0.6427,0.6464,0.6592,0.6517,0.5394,0.5507,0.5485,0.5215,0.1031,0.0991,0.1003,0.0974,0.4895,0.5062,0.4929,0.5114,0.0607,0.0597,0.0598,0.0598,0.0,0.0,0.0,0.0,0.0198,0.0198,0.0202,0.0202,3.4922,3.4792,3.5774,3.5312,35.4883,34.8916,36.7658,32.8943,105.7365,111.4926,108.5281,106.2428,128.4351,125.1271,128.8513,121.2665,108.801,112.7474,111.5417,110.9099,100.6041,97.8583,99.647,97.2506,62.1111,62.6408,62.7796,64.9086
2025-03-24,39.5368,39.6278,39.0524,41.903,27.922,28.8143,29.6257,25.6381,23.5955,23.6332,24.1548,24.6165,22.1749,21.3954,20.9673,23.3024,21.9787,22.4565,22.495,20.5499,24.9908,25.6993,24.9108,24.399,39.2615,40.2648,41.2159,40.7778,61.6589,60.8072,61.5655,62.0084,38.1791,38.0287,38.1541,37.358,20.3397,20.6223,20.2404,19.5576,3.5088,3.5448,3.5613,3.4651,0.6277,0.665,0.6723,0.635,0.6503,0.6579,0.6404,0.6514,2.0268,1.9661,2.007,2.0001,3.5604,3.4647,3.4426,3.6123,3.4954,3.4802,3.497,3.6074,7.2384,7.5612,7.3593,7.4412,23.998,23.0262,23.5095,24.6262,61.9268,58.9398,60.3247,58.7686,186.7177,179.0696,184.5467,166.0661,155.4681,156.7716,158.0874,162.8728,119.6418,121.773,116.7224,125.7028,105.6383,110.7626,108.16,107.1191,75.4481,77.2716,72.1528,74.0475
2025-03-25,38.1551,41.9613,39.406,42.5176,20.2873,19.6059,19.2443,21.9026,13.1049,13.2476,12.9098,13.2576,11.5908,12.2693,12.666,12.2738,12.291,12.9193,12.794,12.9157,17.2117,18.225,17.9266,18.1168,32.272,33.2007,32.3849,31.6624,93.3025,95.8394,91.3442,83.4739,38.251,37.4865,39.1018,36.8807,4.8385,4.9086,4.9537,5.1391,1.0561,1.045,1.0788,1.0601,0.0,0.0,0.0,0.0,0.0104,0.0099,0.0103,0.0095,0.0989,0.098,0.0982,0.1049,0.434,0.4316,0.4259,0.3885,1.0094,1.0466,1.0079,1.0562,3.6453,3.5609,3.5592,3.6345,12.0731,11.7045,11.7791,13.2433,64.8052,63.6179,66.0776,65.4993,164.6841,155.9194,156.0821,166.7545,158.3009,165.1381,156.3504,155.5706,129.6743,124.2103,126.0651,133.6503,105.2382,103.7157,105.2627,102.7834,99.2109,98.9344,98.8902,98.9644
2025-03-26,48.687,47.3069,48.1903,45.3758,29.8258,30.0393,29.3469,30.7879,15.1899,15.7063,15.8705,16.6333,15.6389,15.9609,15.5378,16.0624,19.5129,19.4809,20.3277,20.9984,28.1057,28.5776,27.7757,29.9409,58.9057,59.9053,61.2342,59.9548,93.6461,92.925,95.6326,100.9563,21.7355,21.4809,22.2023,21.3813,0.1929,0.1964,0.1997,0.2109,-0.0098,-0.0101,-0.01,-0.0102,-0.447,-0.4715,-0.4405,-0.441,-0.4966,-0.5041,-0.4917,-0.5076,-0.4505,-0.457,-0.4512,-0.4413,-0.456,-0.4459,-0.4469,-0.4512,-0.4669,-0.4536,-0.4581,-0.4215,-0.0099,-0.0099,-0.0102,-0.01,0.0,0.0,0.0,0.0,26.9226,27.8191,27.2492,26.0091,123.142,124.994,125.2021,127.5419,122.3169,126.3986,125.6008,132.3237,104.4794,102.9362,105.5854,106.7591,96.3976,95.7065,100.8692,96.3467,54.1991,53.1352,55.9565,55.4292
2025-03-27,96.0698,91.6087,92.5876,93.8139,62.7785,62.4972,61.2801,65.8043,58.6345,62.5325,59.1864,59.6467,52.342,53.7259,52.3945,53.4577,52.195,51.8024,53.4639,54.4587,63.2488,64.4184,62.4553,62.2375,88.0479,86.0456,84.8793,84.7072,125.9809,125.7047,125.5261,122.9083,58.0264,58.7905,58.6785,60.5045,3.5664,3.606,3.5736,3.334,0.0,0.0,0.0,0.0,-0.0099,-0.0098,-0.01,-0.0103,-0.0103,-0.0097,-0.0098,-0.0102,-0.01,-0.0099,-0.0102,-0.0099,-0.01,-0.0102,-0.01,-0.0098,-0.0101,-0.0098,-0.0099,-0.0103,0.0,0.0,0.0,0.0,0.6536,0.6343,0.6726,0.6395,48.923,46.7827,46.0203,49.514,145.074,150.7201,146.1377,158.0682,134.602,136.9175,136.4521,134.3084,119.3345,114.6042,119.1544,117.9068,107.4364,107.9941,107.7293,101.2402,90.7394,88.6478,93.7671,99.6457
2025-03-28,53.0023,50.5519,50.5412,51.5046,37.0841,37.7638,37.5024,35.6498,21.0801,21.3979,21.3431,22.619,21.0157,21.0924,20.4132,20.6787,20.4429,20.8968,20.6867,21.1736,29.0179,29.2029,29.8258,29.9534,50.9845,51.2215,50.5561,52.8379,87.8469,85.9133,87.2672,86.5726,20.1274,19.9039,19.727,20.5617,0.0199,0.0199,0.0204,0.0198,-0.3929,-0.4057,-0.4094,-0.3921,-1.0123,-1.014,-0.9941,-0.9796,-1.0284,-1.0286,-0.987,-1.036,-1.0326,-1.0145,-1.0014,-1.1115,-1.1988,-1.21,-1.1836,-1.2077,-1.2523,-1.2537,-1.2419,-1.212,-1.2274,-1.2564,-1.2842,-1.192,-0.595,-0.629,-0.6057,-0.6503,3.5795,3.5902,3.4913,3.419,61.4618,61.9731,62.1469,62.4183,85.0141,87.3253,82.7236,86.3771,62.8941,64.3621,63.1656,63.6983,49.7519,49.6988,50.9603,49.5889,21.0908,20.2556,20.3318,21.5218
2025-03-29,13.1802,13.2533,13.5332,13.1933,10.6051,10.9147,11.034,9.9661,6.8796,7.0241,7.1461,6.9503,5.0237,5.035,4.955,4.9863,4.9061,4.981,5.0605,4.8924,4.8576,4.9467,5.1428,4.8928,4.9815,5.0178,5.0817,4.919,3.5614,3.5098,3.5055,3.5033,0.0,0.0,0.0,0.0,-1.033,-1.0361,-0.991,-0.9798,-2.0363,-2.0155,-1.9965,-1.9517,-2.0055,-2.0766,-2.0315,-1.8864,-2.0253,-2.0226,-1.978,-1.9741,-1.9891,-1.996,-1.9669,-2.0481,-2.2254,-2.2532,-2.1978,-2.1236,-2.1662,-2.1675,-2.2734,-2.1929,-2.1763,-2.1488,-2.1374,-2.3374,-1.983,-2.0511,-2.0525,-1.9135,0.0,0.0,0.0,0.0,11.0975,11.2778,11.6376,10.507,20.0905,19.6394,20.9681,19.9419,18.5423,18.5353,18.0031,19.2393,11.3123,11.3824,11.2025,10.6229,6.1415,5.9614,6.1735,5.7236
2025-03-31,0.6612,0.6744,0.6296,0.6348,1.9537,2.0392,2.0185,1.9886,2.9504,3.0109,3.0617,2.9769,0.6662,0.6547,0.6525,0.6266,0.6574,0.6507,0.6767,0.6152,0.9935,1.0023,0.9982,1.0061,7.6897,7.3755,7.5875,7.1074,40.0616,39.7439,38.4649,41.8496,41.286,42.7464,40.7629,40.2446,0.1417,0.1511,0.1467,0.1605,-0.0097,-0.0099,-0.0097,-0.0107,-0.3169,-0.3117,-0.3142,-0.2972,-0.6523,-0.6592,-0.6531,-0.6753,-0.6237,-0.5931,-0.6197,-0.6436,-0.633,-0.6415,-0.6304,-0.5751,-1.0029,-0.9665,-1.003,-1.0276,-0.9518,-0.9723,-0.9858,-1.0501,-0.0099,-0.0102,-0.0099,-0.0099,0.195,0.198,0.1969,0.21,56.1938,53.3934,54.4503,55.9625,149.4659,144.2554,147.8797,145.559,197.3151,195.857,190.3859,205.442,119.8916,118.5801,120.498,120.4303,92.258,95.9881,96.249,95.545
