beneficio_real [€],beneficio_previsto [€],desviacion [€],desviacion [%],ingreso_spot_real [€],ingreso_disp_real [€],ingreso_act_real [€],coste_deg_real [€],penalizacion_soc [€],soc_final [MWh],soc_final_desv [MWh],precio_medio_dia [€/MWh],energia_no_cargada [MWh],energia_no_operada [MWh],energia_recortada [MWh],intervalos_soc_critico,pi_disp_real [€/MWh],pi_act_up_real [€/MWh],pi_act_down_real [€/MWh],factor_act_up,factor_act_down,n_pujas_perdidas,n_fallos_tecnicos,extremo,sim_id
5.5104,37.7885,-32.2781,-85.42,-33.8819,122.9763,-60.5026,14.427,8.6544,1.068,0.068,127.2687,0.25,0.0,0.0,0,9.36,103.4514,52.7991,0.847,0.8744,5,2,False,1
35.6883,37.7885,-2.1002,-5.56,-26.5863,132.0949,7.415,14.2327,63.0027,0.5148,-0.4852,129.8401,0.5,0.25,0.4075,7,10.0541,130.2925,43.2195,1.0973,0.9504,6,2,False,2
-82.7251,37.7885,-120.5136,-318.92,-40.5329,130.8494,-93.2008,16.1876,63.6532,0.4982,-0.5018,126.8383,0.2182,-0.0,0.0082,2,9.9593,96.3764,43.1616,1.2062,1.1,9,5,False,3
-25.9778,37.7885,-63.7663,-168.75,-34.7251,134.5591,-67.9641,15.7693,42.0783,0.6666,-0.3334,126.2253,0.25,0.0,0.0,0,10.2416,101.7566,47.2431,1.0678,0.8301,4,2,False,4
24.2893,37.7885,-13.4992,-35.72,-55.3894,142.923,-41.5126,15.3757,6.356,1.0501,0.0501,126.7852,0.0,0.0,0.0,0,10.8782,108.3893,56.3175,0.8872,1.0663,6,0,False,5
62.728,37.7885,24.9395,66.0,-67.8768,123.9509,48.3442,15.5404,26.1499,0.7938,-0.2062,126.8117,0.25,0.0,0.0854,2,9.4342,139.7286,46.089,1.0221,0.9974,3,0,False,6
17.3818,37.7885,-20.4067,-54.0,-58.8722,135.6875,-42.0732,12.5234,4.837,0.9616,-0.0384,125.9791,0.75,0.25,0.0,0,10.3275,104.6752,54.2659,0.7496,1.1845,8,2,False,7
-5.4869,37.7885,-43.2754,-114.52,-43.2317,129.6925,-27.0328,16.7553,48.1595,0.6216,-0.3784,127.2801,0.0,0.0,0.25,7,9.8712,115.0189,51.2785,1.2138,1.3057,1,1,False,8
-3.1159,37.7885,-40.9044,-108.25,-59.6257,133.3082,-57.5431,16.1179,3.1373,0.9756,-0.0244,128.6823,0.0,0.0,0.0,0,10.1464,110.3181,40.0167,1.038,1.1633,4,2,False,9
-84.218,37.7885,-122.0065,-322.87,-46.4549,130.969,-51.8807,14.8035,102.0479,0.1976,-0.8024,127.1821,0.75,0.25,0.3313,8,9.9684,110.1954,58.3484,1.2485,0.9839,5,3,False,10
44.9311,37.7885,7.1426,18.9,-49.4318,130.1055,-16.1433,13.1345,6.4647,0.9497,-0.0503,128.5638,0.25,0.4682,0.0,0,9.9027,117.3024,44.4507,0.772,0.8279,4,3,False,11
-13.3784,37.7885,-51.1669,-135.4,-41.2586,138.6842,-38.7881,14.1779,57.838,0.5452,-0.4548,127.1674,0.25,0.5,0.2189,4,10.5556,110.6312,49.8376,1.0465,1.0189,7,5,False,12
-109.4151,37.7885,-147.2036,-389.55,-49.1559,135.2584,-69.2809,14.9073,111.3294,0.14,-0.86,129.4527,0.5,0.25,0.137,3,10.2949,105.2346,54.5049,1.098,1.0536,3,1,False,13
-8.1738,37.7885,-45.9623,-121.63,-48.5233,137.2007,-55.8156,15.5274,25.5083,0.801,-0.199,128.189,0.25,0.0,0.0,0,10.4427,105.3974,53.8191,0.9924,1.2168,2,0,False,14
8.0692,37.7885,-29.7193,-78.65,-36.9776,124.9195,-24.1487,15.7344,39.9895,0.686,-0.314,127.3707,0.25,0.0,0.5025,9,9.5079,117.8437,49.9942,1.2351,1.2025,6,4,False,15
-39.1609,37.7885,-76.9494,-203.63,-50.3413,126.8928,-62.981,15.6953,37.0361,0.7077,-0.2923,126.7262,0.25,0.0,0.2603,5,9.6581,103.3827,54.5584,1.125,0.8535,5,1,False,16
62.5939,37.7885,24.8054,65.64,-47.8349,133.1591,1.1636,15.8972,7.9967,1.0633,0.0633,126.3549,0.0,0.0,0.0,0,10.1351,122.8985,53.7343,1.0038,1.0848,2,2,False,17
-44.8443,37.7885,-82.6328,-218.67,-60.5566,134.2313,6.261,15.0222,109.7577,0.14,-0.86,127.6253,0.7182,0.0,0.0028,1,10.2167,127.3036,49.0182,1.0746,0.8179,9,2,False,18
19.7317,37.7885,-18.0568,-47.78,-34.7593,137.4884,-33.4721,16.5374,32.9878,0.7427,-0.2573,128.1989,0.0,0.0,0.1287,3,10.4646,117.7625,52.6914,1.1605,1.2017,6,3,False,19
12.4174,37.7885,-25.3711,-67.14,-72.2201,137.1885,-35.0918,15.9037,1.5554,1.0122,0.0122,127.0764,0.0,0.0,0.0,0,10.4418,110.4393,43.386,0.9725,0.9075,2,0,False,20
12.9226,37.7885,-24.8659,-65.8,-24.0931,139.5473,-68.4597,13.7297,20.3421,0.8443,-0.1557,130.6569,0.2251,0.5,0.0,0,10.6213,103.041,53.2385,0.8722,1.1242,7,3,False,21
32.1621,37.7885,-5.6264,-14.89,-83.691,118.5222,17.0882,15.3827,4.3745,1.034,0.034,128.6374,0.0,0.0,0.0,0,9.021,130.0002,47.5772,0.9235,1.1857,0,3,False,22
29.0258,37.7885,-8.7627,-23.19,-49.8016,125.5751,-17.1473,12.6212,16.9793,1.1318,0.1318,128.7924,0.5,0.2251,0.0,0,9.5578,116.5752,49.7117,0.7034,0.9574,6,3,False,23
-7.3559,37.7885,-45.1444,-119.47,-20.5028,127.5958,-78.5693,15.4595,20.42,0.8387,-0.1613,126.6286,0.0,0.25,0.0,0,9.7116,99.3987,53.1172,1.0203,0.9117,3,4,False,24
-33.0565,37.7885,-70.845,-187.48,-76.6325,129.2091,-40.6862,16.475,28.4719,0.7774,-0.2226,127.9034,0.0,0.0,0.0003,1,9.8344,112.3098,43.8622,1.0648,1.0531,6,0,False,25
-49.8532,37.7885,-87.6417,-231.93,-43.2076,132.4653,-61.7978,15.2277,62.0854,0.5149,-0.4851,127.9737,0.25,0.2251,0.2258,5,10.0823,107.6563,47.9904,1.0897,1.1458,10,1,False,26
-13.2395,37.7885,-51.028,-135.04,-78.5124,145.0308,-55.8939,16.183,7.681,0.9396,-0.0604,127.2,0.0,0.0,0.0,0,11.0387,103.8688,56.8905,1.0373,1.0784,5,2,False,27
57.439,37.7885,19.6505,52.0,-38.9367,126.1522,-9.2721,15.5314,4.9731,1.039,0.039,127.6511,0.0,0.0,0.0,0,9.6018,123.3137,47.8718,0.9123,1.1214,4,0,False,28
-48.8845,37.7885,-86.673,-229.36,-70.8743,124.1417,-77.949,15.1846,9.0183,0.9307,-0.0693,130.2149,0.25,0.0,0.0,0,9.4487,99.7453,48.6846,1.0054,1.0396,3,4,False,29
20.8758,37.7885,-16.9127,-44.76,-27.608,136.3598,-50.6855,13.6837,23.5069,0.8198,-0.1802,130.4387,0.75,0.0,0.0,0,10.3787,108.0055,45.3725,0.8562,0.9485,9,0,False,30
-46.9895,37.7885,-84.778,-224.35,-18.3042,117.756,-97.621,15.6372,33.1832,0.74,-0.26,127.6438,0.25,0.0,0.1555,3,8.9627,95.2438,50.7181,1.0604,1.2468,7,0,False,31
17.3825,37.7885,-20.406,-54.0,-42.3184,139.7406,-52.7353,13.4828,13.8216,1.1078,0.1078,128.2176,0.5,0.0,0.0,0,10.636,101.8467,48.1954,0.7575,1.0812,6,1,False,32
31.9486,37.7885,-5.8399,-15.45,-46.8765,126.1275,-20.3046,15.2196,11.7782,1.0939,0.0939,125.4433,0.0,0.0,0.0,0,9.5999,116.0832,48.3955,0.8924,0.9987,3,3,False,33
-36.807,37.7885,-74.5955,-197.4,-39.3281,132.8961,-76.316,14.8103,39.2487,0.6967,-0.3033,129.3869,0.0,0.5,0.4151,7,10.1151,99.517,52.3173,1.1346,0.8309,7,4,False,34
-92.2946,37.7885,-130.0831,-344.24,-71.7092,130.7485,-67.0714,15.2535,69.0091,0.4504,-0.5496,125.567,0.5,0.0,0.2901,5,9.9516,98.8879,50.4348,1.1444,0.8018,8,3,False,35
-38.2396,37.7885,-76.0281,-201.19,-55.592,134.3724,-63.2288,15.7077,38.0835,0.7009,-0.2991,127.3204,0.25,0.0,0.3388,6,10.2274,105.8684,53.4792,1.131,1.1613,5,0,False,36
2.4592,37.7885,-35.3293,-93.49,-20.9073,126.3097,-68.8335,15.4303,18.6794,0.855,-0.145,128.7871,0.25,0.0,0.0,0,9.6138,103.7488,60.3019,0.9768,1.0171,3,1,False,37
83.6566,37.7885,45.8681,121.38,-30.1542,135.671,-5.3798,12.8899,3.5906,1.0283,0.0283,127.0668,0.2182,0.25,0.0,0,10.3263,122.4457,58.9133,0.6494,1.1055,1,3,False,38
-43.651,37.7885,-81.4395,-215.51,-57.1834,124.5072,-62.8391,16.5047,31.631,0.7609,-0.2391,132.2675,0.0,0.25,0.6706,11,9.4766,113.5874,68.683,1.3933,1.1501,3,3,False,39
-28.6741,37.7885,-66.4626,-175.88,-18.5381,134.9611,-49.5222,15.4916,80.0832,0.3683,-0.6317,126.7661,0.25,0.2251,0.0969,2,10.2722,111.9086,49.2932,1.1118,0.8969,1,3,False,40
46.1149,37.7885,8.3264,22.03,-35.976,136.1711,-37.3852,15.999,0.696,1.0054,0.0054,128.7716,0.0,0.0,0.0,0,10.3643,115.9856,52.9291,0.9878,1.2168,0,1,False,41
-54.2979,37.7885,-92.0864,-243.69,-55.0849,129.5627,-54.0663,15.9927,58.7167,0.5425,-0.4575,128.3463,0.25,0.0,0.1503,3,9.8614,109.5726,46.036,1.1378,0.9488,6,1,False,42
30.9355,37.7885,-6.853,-18.14,-37.2387,126.3105,-37.924,14.8753,5.337,1.0425,0.0425,125.5513,0.25,0.0,0.0,0,9.6138,108.9476,48.4871,0.9044,0.8839,2,1,False,43
-125.5726,37.7885,-163.3611,-432.3,-67.1323,128.2285,-86.1689,16.3666,84.1331,0.3348,-0.6652,126.4764,0.25,0.0,0.514,10,9.7598,98.6695,49.393,1.2939,0.8058,5,0,False,44
-89.5092,37.7885,-127.2977,-336.87,-39.4389,127.8683,-54.5333,13.9773,109.428,0.1539,-0.8461,129.3306,0.5,0.5,0.636,10,9.7324,109.241,46.8902,1.2368,1.3326,5,5,False,45
82.3668,37.7885,44.5783,117.97,-80.9293,132.4937,52.8013,15.3542,6.6448,1.0517,0.0517,128.587,0.0,0.0,0.0,0,10.0844,143.4481,49.3829,0.8837,1.3446,0,0,False,46
83.3018,37.7885,45.5133,120.44,-48.0876,132.0197,15.5944,15.9239,0.3008,1.0024,0.0024,126.6018,0.0,0.0,0.0,0,10.0484,131.2722,40.8027,0.9947,1.1113,2,1,False,47
-47.093,37.7885,-84.8815,-224.62,-34.0077,131.2353,-77.9231,16.7758,49.6218,0.6103,-0.3897,127.3233,0.0,0.0,0.2845,7,9.9887,103.0117,42.0773,1.2285,1.0445,3,1,False,48
56.0677,37.7885,18.2792,48.37,-41.8092,133.9573,-16.6306,15.1097,4.3401,1.0331,0.0331,131.0514,0.25,0.25,0.1781,4,10.1958,123.5052,45.2229,1.0839,0.9672,4,2,False,49
15.6757,37.7885,-22.1128,-58.52,-31.6422,128.548,-46.0643,15.4493,19.7164,0.8444,-0.1556,126.7171,0.0,0.25,0.0836,2,9.7841,110.2612,46.656,1.0068,0.9828,4,1,False,50
12.7047,37.7885,-25.0838,-66.38,-51.5976,123.7678,-34.5901,13.7666,11.1088,1.087,0.087,127.6276,0.5,0.0,0.0,0,9.4203,112.5164,62.9315,0.8042,1.2246,5,1,False,51
-60.5674,37.7885,-98.3559,-260.28,-80.1416,132.6209,-32.3453,16.0716,64.6298,0.4987,-0.5013,128.9293,0.0,0.25,0.2446,6,10.0941,117.3325,53.3411,1.1818,0.9863,5,3,False,52
35.6365,37.7885,-2.152,-5.69,-16.1322,132.7324,-58.6172,15.8768,6.4696,1.0503,0.0503,128.6188,0.0,0.0,0.0,0,10.1026,108.1393,50.3674,1.0022,1.2647,2,2,False,53
1.1687,37.7885,-36.6198,-96.91,-54.5911,139.5344,22.9482,14.7749,91.948,0.2774,-0.7226,127.2502,0.4682,0.25,0.7513,14,10.6203,129.6399,53.5013,1.3413,1.1225,8,4,False,54
27.1684,37.7885,-10.6201,-28.1,-36.0225,124.9244,-7.0411,13.927,40.7654,0.6846,-0.3154,129.2447,0.75,0.0,0.0,0,9.5083,123.1512,52.885,0.9497,0.8928,7,3,False,55
92.2536,37.7885,54.4651,144.13,-46.5045,129.7013,34.6142,16.206,9.3515,0.9268,-0.0732,127.8207,0.0,0.0,0.0,0,9.8719,136.3545,45.6227,1.0213,0.9011,2,0,False,56
115.8906,37.7885,78.1021,206.68,-44.4926,138.1222,46.5816,15.6256,8.6951,1.0672,0.0672,129.323,0.0,0.0,0.0,0,10.5128,142.6934,59.0636,0.9602,1.1823,0,3,False,57
15.0153,37.7885,-22.7732,-60.26,-53.1892,139.7425,-42.5894,13.5749,15.3737,0.8802,-0.1198,128.3225,0.5,0.25,0.2068,5,10.6362,110.788,50.8894,0.9602,0.8995,9,4,False,58
10.4674,37.7885,-27.3211,-72.3,-19.3417,141.7819,-35.4979,14.2228,62.2521,0.5202,-0.4798,129.7583,0.5,0.25,0.0,0,10.7914,117.1705,57.0083,1.0004,1.3437,8,4,False,59
-9.509,37.7885,-47.2975,-125.16,-31.4787,123.014,-24.5633,14.2225,62.2586,0.5204,-0.4796,129.8247,0.25,0.5,0.2791,6,9.3629,117.9664,47.0064,1.0534,0.9939,3,3,False,60
18.4845,37.7885,-19.304,-51.08,-42.2139,140.6234,-54.3506,13.5291,12.0453,0.9056,-0.0944,127.6426,0.5,0.25,0.0,0,10.7032,103.5339,61.5173,0.8474,0.9492,3,2,False,61
53.6073,37.7885,15.8188,41.86,-52.3533,136.3498,-4.9308,14.948,10.5104,1.0808,0.0808,130.0406,0.0,0.0,0.0,0,10.3779,125.422,57.7641,0.8181,1.0644,7,1,False,62
4.7918,37.7885,-32.9967,-87.32,-34.8368,123.1675,-31.9235,15.6629,35.9525,0.7257,-0.2743,131.0875,0.0,0.5,0.1179,3,9.3746,118.2303,55.2261,1.1551,1.1127,2,4,False,63
-72.8746,37.7885,-110.6631,-292.85,-66.5444,143.8318,-58.9071,15.4361,75.8188,0.3991,-0.6009,126.1732,0.4751,0.0,0.0216,1,10.9474,101.0342,52.324,1.0752,1.3316,7,1,False,64
97.5383,37.7885,59.7498,158.12,-41.8966,126.9135,30.2086,15.133,2.5543,1.0201,0.0201,126.8744,0.25,0.0,0.0,0,9.6597,135.3876,58.0981,0.9468,0.9054,4,2,False,65
16.0639,37.7885,-21.7246,-57.49,-55.2364,136.8011,-44.2702,14.89,6.3406,1.0491,0.0491,129.122,0.25,0.0,0.0,0,10.4123,107.964,50.5291,0.8895,1.0136,7,0,False,66
13.9631,37.7885,-23.8254,-63.05,-44.0323,143.796,-16.1842,15.9332,53.6832,0.5756,-0.4244,126.4883,0.0,0.25,0.0227,1,10.9447,117.374,53.3673,1.1074,0.8154,5,3,False,67
-21.2325,37.7885,-59.021,-156.19,-36.6265,124.3856,-43.5368,14.9686,50.4862,0.6146,-0.3854,130.9921,0.4971,0.0,0.1514,4,9.4673,115.7343,43.2443,1.0717,0.7693,7,3,False,68
32.2498,37.7885,-5.5387,-14.66,-54.9308,125.5796,-18.2199,14.9119,5.2672,1.0398,0.0398,132.2381,0.25,0.0,0.0,0,9.5582,123.8241,49.4799,0.9104,1.2056,4,2,False,69
-13.7669,37.7885,-51.5554,-136.43,-37.5314,124.1104,-72.8155,14.8535,12.6769,1.0963,0.0963,131.603,0.25,0.0,0.0,0,9.4464,102.7164,54.6976,0.9186,0.9699,7,3,False,70
29.8355,37.7885,-7.953,-21.05,-70.8033,126.5806,39.9833,15.8769,50.0482,0.6069,-0.3931,127.3115,0.0,0.25,0.4246,8,9.6344,135.8147,44.619,1.2329,1.2828,5,3,False,71
48.0902,37.7885,10.3017,27.26,-41.6504,128.655,-19.4001,14.9598,4.5545,1.0365,0.0365,124.6726,0.25,0.0,0.0,0,9.7923,115.4041,59.1217,0.9178,1.1902,7,1,False,72
5.0703,37.7885,-32.7182,-86.58,-48.6787,137.3908,6.028,14.502,75.1677,0.4153,-0.5847,128.5495,0.7251,0.0,0.0864,2,10.4572,127.9619,48.2826,1.0082,1.1166,4,0,False,73
-134.9957,37.7885,-172.7842,-457.24,-47.4682,123.8901,-92.4673,14.9195,104.0307,0.1833,-0.8167,127.3807,0.7251,0.0,0.0214,1,9.4296,95.9132,60.6522,1.0751,0.9735,6,1,False,74
-7.471,37.7885,-45.2595,-119.77,-60.0353,124.9802,-43.2756,14.4771,14.6633,1.1163,0.1163,126.1021,0.25,0.0,0.0,0,9.5126,106.4965,54.1025,0.8354,0.8861,6,2,False,75
81.5861,37.7885,43.7976,115.9,-38.088,135.7351,19.578,15.4578,20.1811,0.8397,-0.1603,125.8887,0.25,0.0,0.092,2,10.3311,131.7361,52.3292,1.0109,0.8629,2,2,False,76
-88.3935,37.7885,-126.182,-333.92,-62.0993,123.4364,-45.4708,13.8203,90.4395,0.2912,-0.7088,127.5954,0.9751,0.0,0.0205,1,9.3951,108.8067,53.9778,0.9761,1.0693,8,2,False,77
6.3764,37.7885,-31.4121,-83.13,-17.286,131.7821,-64.1756,15.5691,28.3751,0.7779,-0.2221,127.7432,0.0,0.25,0.0,0,10.0303,105.5284,55.9065,1.0591,0.8195,4,4,False,78
10.0728,37.7885,-27.7157,-73.34,-42.4215,132.6723,-14.121,15.8679,50.1891,0.6119,-0.3881,129.3087,0.25,0.0,0.4821,11,10.098,124.3334,51.4703,1.2264,0.8215,5,2,False,79
-97.8092,37.7885,-135.5978,-358.83,-82.4872,121.0627,-42.8503,15.4797,78.0548,0.3887,-0.6113,127.6776,0.2182,0.25,0.4149,9,9.2144,110.2558,49.3952,1.2612,1.1448,5,5,False,80
40.9184,37.7885,3.1299,8.28,-40.4976,127.5476,-3.5391,15.5455,27.047,0.791,-0.209,129.4164,0.25,0.0,0.0,0,9.708,126.6058,52.8557,1.0347,1.058,11,2,False,81
-27.5901,37.7885,-65.3786,-173.01,-19.0523,130.0299,-37.164,13.6678,87.7358,0.3317,-0.6683,131.2855,0.7471,0.25,1.1287,18,9.8969,119.5977,58.4275,1.2979,1.1045,6,2,False,82
-7.3673,37.7885,-45.1558,-119.5,-56.4974,136.1969,-25.3972,15.8017,45.8679,0.6487,-0.3513,130.5524,0.25,0.0,0.0,0,10.3663,119.9793,42.5083,1.0367,0.8774,6,0,False,83
-12.2724,37.7885,-50.0609,-132.48,-38.677,126.3039,-40.9891,15.9017,43.0084,0.657,-0.343,125.3714,0.2182,0.0,0.0,0,9.6133,109.639,56.7461,1.0839,1.1097,4,3,False,84
-30.0085,37.7885,-67.797,-179.41,-27.401,147.291,-56.0395,16.246,77.6131,0.4018,-0.5982,129.7508,0.0,0.25,0.092,5,11.2107,112.2987,51.4959,1.2071,1.1137,8,5,False,85
-2.2875,37.7885,-40.076,-106.05,-44.7026,127.1753,-49.8481,15.2211,19.6911,0.8467,-0.1533,128.4471,0.2182,0.0,0.0,0,9.6796,107.6905,61.0996,0.9327,1.0546,7,0,False,86
74.2377,37.7885,36.4492,96.46,-31.4071,141.8993,-17.5782,14.9621,3.7142,1.0288,0.0288,128.8629,0.25,0.0,0.0,0,10.8003,121.7212,50.7471,0.9351,1.201,6,2,False,87
43.5916,37.7885,5.8031,15.36,-58.8996,151.2727,-19.1343,16.2624,13.3847,0.8955,-0.1045,128.0446,0.0,0.0,0.0,0,11.5138,118.484,54.7493,1.0304,1.0351,3,1,False,88
47.5273,37.7885,9.7388,25.77,-34.4948,132.2813,-19.7799,14.2638,16.2155,1.1238,0.1238,130.9634,0.0,0.0,0.0,0,10.0683,119.1614,57.623,0.7214,1.1022,4,2,False,89
-29.7761,37.7885,-67.5646,-178.8,-61.0426,127.9248,-43.1962,16.5858,36.8763,0.7158,-0.2842,129.7664,0.0,0.0,0.0439,1,9.7367,114.214,49.9775,1.118,1.0844,6,1,False,90
7.3841,37.7885,-30.4044,-80.46,-34.8832,127.8688,-68.3251,15.1119,2.1644,1.0169,0.0169,127.9839,0.25,-0.0,0.0,0,9.7324,101.5145,48.8714,0.9619,0.784,4,3,False,91
7.2817,37.7885,-30.5068,-80.73,-58.3495,138.7836,-50.4805,16.1635,6.5083,0.9504,-0.0496,131.2538,0.0,0.0,0.0,0,10.5632,111.7173,50.8384,1.0144,0.9544,3,1,False,92
26.0435,37.7885,-11.745,-31.08,-58.4613,127.3653,0.6721,15.5657,27.9669,0.7797,-0.2203,126.9729,0.25,0.0,0.1986,4,9.6941,123.4307,47.7987,1.0628,0.8318,4,0,False,93
-64.7086,37.7885,-102.4971,-271.24,-73.7995,118.1982,-89.8984,15.702,3.5071,1.0267,0.0267,131.2745,0.0,0.0,0.0,0,8.9964,97.9358,58.2062,0.9399,1.107,3,1,False,94
33.6565,37.7885,-4.132,-10.93,-17.4186,128.5003,-30.8769,16.4946,30.0538,0.7665,-0.2335,128.7137,0.0,0.0,0.0,0,9.7805,117.0309,49.5047,1.0867,0.849,3,1,False,95
138.2925,37.7885,100.504,265.96,-6.6353,144.1529,52.2623,15.2779,36.2096,1.2823,0.2823,128.264,0.0,0.25,0.0,0,10.9719,146.3386,49.6894,0.9898,1.081,4,4,False,96
30.0551,37.7885,-7.7334,-20.46,-19.5316,124.4011,-55.7831,15.0286,4.0027,1.0313,0.0313,127.8983,0.25,0.0,0.0,0,9.4685,107.1101,52.5993,0.9296,1.0981,1,3,False,97
-21.3685,37.7885,-59.157,-156.55,-71.2459,120.9687,-48.419,14.4625,8.2098,1.0654,0.0654,125.625,0.25,0.0,0.0,0,9.2072,101.5859,41.337,0.853,0.9842,6,3,False,98
46.9637,37.7885,9.1752,24.28,-16.1929,128.5957,-10.4672,14.0493,40.9225,0.6805,-0.3195,128.0911,0.5,0.4682,0.0592,2,9.7877,122.8946,49.6419,1.0243,1.0671,5,3,False,99
27.2537,37.7885,-10.5348,-27.88,-39.6723,130.8565,-21.6217,15.5472,26.7616,0.79,-0.21,127.4588,0.25,0.0,0.0,0,9.9598,119.3789,48.4241,1.0149,1.2244,3,1,False,100
13.3553,37.7885,-24.4332,-64.66,-49.1133,141.4711,-45.3614,15.4257,18.2154,0.8575,-0.1425,127.8718,0.25,0.0,0.0,0,10.7677,111.3316,51.2559,0.9949,0.8878,6,2,False,101
43.3374,37.7885,5.5489,14.68,-24.1641,128.3033,-3.6059,16.6484,40.5476,0.681,-0.319,127.1194,0.0,0.0,0.2434,7,9.7655,123.6979,51.2426,1.2422,1.199,6,3,False,102
34.0987,37.7885,-3.6898,-9.76,-47.2178,134.4951,-22.2195,13.1502,17.8089,1.1381,0.1381,128.98,0.25,0.25,0.0,0,10.2368,118.1644,52.1713,0.6893,1.19,6,1,False,103
32.4843,37.7885,-5.3042,-14.04,-51.2377,137.6283,-31.2226,14.5648,8.1189,1.0652,0.0652,124.4817,0.25,0.0,0.0,0,10.4752,110.8981,59.4998,0.8533,1.3599,5,1,False,104
-32.7799,37.7885,-70.5684,-186.75,-71.1397,128.7001,-25.6503,14.9545,49.7354,0.6165,-0.3835,129.6937,0.5,0.0,0.0887,2,9.7957,119.4232,56.4729,1.0093,1.2662,5,1,False,105
-23.518,37.7885,-61.3065,-162.24,-34.2612,126.9376,-80.1202,14.5651,21.5092,0.8329,-0.1671,128.7018,0.5,0.0,0.4321,8,9.6616,99.4278,59.7704,1.0778,0.9136,7,1,False,106
104.6395,37.7885,66.851,176.91,-37.7451,139.5325,25.8094,14.543,8.4143,1.0668,0.0668,125.9308,0.0,0.25,0.0,0,10.6202,134.6391,42.4092,0.8497,0.875,3,2,False,107
44.8142,37.7885,7.0257,18.59,-24.8204,125.5298,-40.3519,15.1745,0.3687,0.9971,-0.0029,126.872,0.0,0.5,0.0,0,9.5544,112.07,42.401,1.0359,1.0298,6,3,False,108
53.7519,37.7885,15.9634,42.24,-52.123,124.2587,16.583,15.4429,19.5239,0.848,-0.152,128.4163,0.25,0.0,0.0,0,9.4577,131.7474,57.4114,0.9978,0.8976,4,1,False,109
79.9576,37.7885,42.1691,111.59,-39.7652,134.0909,14.4533,12.7181,16.1034,1.1246,0.1246,129.235,0.7251,0.0,0.0,0,10.206,134.6743,50.5417,0.7196,1.0832,7,2,False,110
23.4177,37.7885,-14.3708,-38.03,-47.2814,126.3233,-7.9543,14.7346,32.9353,0.7387,-0.2613,126.0594,0.5,0.25,0.3654,6,9.6148,121.8189,55.5319,1.1439,1.057,5,2,False,111
-6.6424,37.7885,-44.4309,-117.58,-31.7697,124.4977,-35.7323,15.8474,47.7907,0.6233,-0.3767,126.8589,0.0,0.25,0.0,0,9.4758,115.8411,65.6024,1.0835,1.293,6,4,False,112
52.3972,37.7885,14.6087,38.66,-35.8297,133.0316,-2.1671,16.4387,26.1989,0.7975,-0.2025,129.3957,0.0,0.0,0.0,0,10.1254,125.4583,57.4143,1.0588,0.628,3,0,False,113
76.4723,37.7885,38.6838,102.37,-42.473,132.104,6.4084,15.4611,4.106,1.0317,0.0317,129.6227,0.0,0.0,0.0,0,10.0548,127.7189,59.5298,0.9287,0.8279,6,4,False,114
97.3996,37.7885,59.6111,157.75,-33.1687,127.1768,45.269,16.4284,25.4491,0.8033,-0.1967,129.349,0.0,0.0,0.0,0,9.6798,140.559,44.4092,1.0572,0.8445,7,2,False,115
3.7984,37.7885,-33.9901,-89.95,-51.0129,134.4266,-36.1537,15.5638,27.8978,0.7808,-0.2192,127.2796,0.25,0.0,0.0543,2,10.2316,114.7675,51.2938,1.0355,0.9152,7,1,False,116
47.3053,37.7885,9.5168,25.18,-11.3555,123.5104,-41.9461,14.5553,8.3482,1.0659,0.0659,126.6419,0.25,0.0,0.0,0,9.4007,109.5924,56.0204,0.8517,0.9054,5,3,False,117
56.9475,37.7885,19.159,50.7,-37.1213,136.4332,-26.4332,14.2873,1.6439,0.9872,-0.0128,128.5796,0.5,0.0,0.0,0,10.3843,117.2737,49.3133,0.9075,0.9806,8,2,False,118
52.1474,37.7885,14.3589,38.0,-46.5375,131.2427,-5.1019,14.6625,12.7934,1.1013,0.1013,126.2808,0.0,0.0,0.0,0,9.9892,122.0817,47.4159,0.7721,1.0269,1,1,False,119
29.3494,37.7885,-8.4392,-22.33,-57.2643,134.9667,-19.8809,13.5042,14.9679,1.1162,0.1162,128.7668,0.0,0.4751,0.0,0,10.2727,118.0958,50.9652,0.7385,1.1788,2,2,False,120
44.2014,37.7885,6.4129,16.97,-18.5706,132.9792,-4.2532,15.8638,50.0903,0.6142,-0.3858,129.8221,0.25,0.0,0.0152,1,10.1214,127.9581,51.9813,1.0721,1.1708,5,1,False,121
23.8752,37.7885,-13.9133,-36.82,-65.5624,135.4086,-22.5033,14.6071,8.8606,1.0698,0.0698,126.8987,0.0,0.2471,0.0,0,10.3063,115.8561,46.915,0.8429,1.142,5,1,False,122
-30.7365,37.7885,-68.525,-181.34,-58.7036,137.5718,-63.524,14.6994,31.3813,0.7582,-0.2418,129.7998,0.5,0.0,0.3756,7,10.4709,105.9179,51.5157,1.0814,1.1257,3,2,False,123
60.7799,37.7885,22.9914,60.84,-10.9219,130.5601,-40.729,15.571,2.5582,1.02,0.02,128.1669,0.0,0.0,0.0,0,9.9373,112.3206,50.405,0.9551,1.0483,5,2,False,124
-35.8286,37.7885,-73.6171,-194.81,-50.6979,124.4899,-35.1964,15.9842,58.4401,0.5473,-0.4527,129.0807,0.25,0.0,0.0,0,9.4752,115.4609,53.3735,1.1084,0.8639,3,2,False,125
24.0248,37.7885,-13.7637,-36.42,-51.072,134.5999,29.4755,15.2846,73.694,0.4331,-0.5669,130.0041,0.5,0.0,0.346,6,10.2447,136.6677,49.4485,1.1679,1.1338,6,1,False,126
37.9251,37.7885,0.1366,0.36,-61.7875,141.5615,-23.0316,16.0884,2.7289,0.9788,-0.0212,128.4875,0.0,0.0,0.0,0,10.7746,117.1101,46.5279,1.0331,1.2754,2,3,False,127
93.6479,37.7885,55.8594,147.82,-25.3363,138.1442,9.8819,14.3793,14.6626,1.1154,0.1154,127.095,0.0,0.0,0.0,0,10.5145,130.709,45.8244,0.7404,0.9745,7,1,False,128
42.7965,37.7885,5.008,13.25,-54.7974,140.1536,-24.9576,15.0744,2.5278,1.0197,0.0197,128.2756,0.25,-0.0,0.0,0,10.6675,116.124,51.8027,0.9557,1.0565,5,2,False,129
84.5763,37.7885,46.7878,123.81,-5.1052,139.4084,-2.6141,15.6188,31.4941,0.7503,-0.2497,126.1149,0.0,0.25,0.0,0,10.6107,126.2226,50.9277,1.059,1.0489,5,4,False,130
-30.6923,37.7885,-68.4808,-181.22,-59.2028,132.2697,-44.2338,15.7771,43.7484,0.6623,-0.3377,129.5559,0.0,0.25,0.5013,9,10.0674,115.8373,47.4569,1.2419,1.0713,6,3,False,131
48.3797,37.7885,10.5912,28.03,-28.7482,140.8075,-43.7385,15.0422,4.8989,1.0386,0.0386,126.9011,0.2471,0.0,0.0,0,10.7172,109.6283,46.2218,0.9131,0.9746,5,0,False,132
-12.2152,37.7885,-50.0037,-132.33,-18.7354,129.7448,-35.6997,16.1777,71.3472,0.4398,-0.5602,127.3559,0.25,0.0,1.0046,14,9.8752,117.3379,60.4515,1.4494,0.902,4,1,False,133
39.496,37.7885,1.7075,4.52,-39.2254,132.9801,-29.4952,15.1907,9.5729,0.925,-0.075,127.6569,0.25,0.0,0.0,0,10.1215,115.3318,46.2606,1.0135,1.2653,6,4,False,134
-48.7315,37.7885,-86.52,-228.96,-59.2014,123.3876,-46.888,14.9754,51.0543,0.6049,-0.3951,129.2187,0.25,0.25,0.1094,3,9.3914,110.4161,60.0951,1.0194,1.1643,3,2,False,135
46.0685,37.7885,8.28,21.91,-33.8006,132.8212,-24.5634,15.3586,13.03,0.8948,-0.1052,123.88,0.0,0.25,0.0014,1,10.1094,113.584,59.1796,0.9844,0.9972,4,2,False,136
2.6742,37.7885,-35.1143,-92.92,-63.0895,134.2643,41.9442,15.5938,94.8509,0.2613,-0.7387,128.4105,0.25,0.25,0.0533,2,10.2192,138.2732,60.5757,1.1219,0.9551,2,2,False,137
-8.9408,37.7885,-46.7293,-123.66,-74.2777,128.1396,-37.3703,16.2031,9.2292,0.9284,-0.0716,128.9021,0.0,0.0,0.0,0,9.753,114.3042,46.2436,1.0208,0.9293,4,2,False,138
-90.9793,37.7885,-128.7678,-340.76,-32.8083,130.4322,-107.9117,13.4176,67.2739,0.4707,-0.5293,127.0973,0.2471,0.75,0.7507,12,9.9275,85.4998,50.2676,1.1354,0.9899,5,3,False,139
15.6761,37.7885,-22.1124,-58.52,-35.4981,131.0491,-39.1148,15.5137,25.2465,0.8087,-0.1913,131.9505,0.25,0.0,0.0491,1,9.9745,116.6484,50.158,1.0615,0.9461,9,4,False,140
68.3606,37.7885,30.5721,80.9,-22.9714,131.9421,-18.2818,14.639,7.6893,1.0598,0.0598,128.5875,0.25,0.0,0.0,0,10.0425,120.3917,46.7251,0.8655,0.8442,6,2,False,141
47.568,37.7885,9.7795,25.88,-26.1593,128.8294,-38.1068,15.8339,1.1614,1.009,0.009,129.5624,0.0,0.0,0.0,0,9.8055,114.5716,42.3694,0.9798,0.7152,5,1,False,142
9.0605,37.7885,-28.728,-76.02,-39.6541,136.4794,-53.4073,15.4364,18.921,0.8516,-0.1484,127.4731,0.25,0.0,0.0,0,10.3878,109.3723,58.1575,0.9909,0.8747,5,1,False,143
77.8142,37.7885,40.0257,105.92,-22.577,133.2471,-13.4049,15.1184,4.3325,1.0342,0.0342,126.8085,0.0,0.2471,0.0,0,10.1418,120.8978,50.0788,0.9973,0.8732,5,5,False,144
50.804,37.7885,13.0155,34.44,-29.4046,122.3908,-25.0548,16.0389,1.0884,0.9913,-0.0087,125.0694,0.0,0.0,0.0,0,9.3155,114.3947,53.5564,1.0136,1.0281,2,1,False,145
29.0922,37.7885,-8.6963,-23.01,-52.9377,137.4994,-25.7397,16.2677,13.462,0.8925,-0.1075,125.2717,0.0,0.0,0.0,0,10.4654,112.6647,52.4778,1.0312,1.016,5,1,False,146
-35.5309,37.7885,-73.3194,-194.03,-24.6475,121.0162,-58.6404,15.1005,58.1587,0.5413,-0.4587,126.7955,0.2471,0.25,0.2856,5,9.2109,106.2205,62.8315,1.1389,0.9058,5,3,False,147
-14.0717,37.7885,-51.8602,-137.24,-69.3342,125.6056,-45.8272,14.6033,9.9126,1.0776,0.0776,127.6758,0.0,0.0,0.0,0,9.5602,106.3307,45.7441,0.8253,0.9957,4,4,False,148
-2.5529,37.7885,-40.3414,-106.76,-58.5125,138.0467,-59.5081,15.2714,7.3076,0.9433,-0.0567,128.7768,0.25,0.0,0.0215,1,10.5071,105.2383,51.5208,0.9766,0.9608,4,1,False,149
6.1398,37.7885,-31.6487,-83.75,-64.8176,125.1902,-30.0855,14.9581,9.1892,1.073,0.073,125.832,0.0,0.0,0.0,0,9.5286,110.1789,50.5586,0.8357,1.0701,3,1,False,150
-26.3279,37.7885,-64.1164,-169.67,-50.3914,137.3859,-65.6051,14.72,32.9973,0.7468,-0.2532,130.3429,0.5,0.0,0.0,0,10.4568,105.7555,51.5102,0.9428,1.0848,5,2,False,151
-32.227,37.7885,-70.0155,-185.28,-44.5174,131.9524,-103.1029,14.7743,1.7849,1.0138,0.0138,129.0772,0.0,0.25,0.0,0,10.0432,90.3035,54.2682,0.8877,1.2148,3,2,False,152
28.7877,37.7885,-9.0008,-23.82,-29.9344,126.1842,0.7245,15.0112,53.1753,0.5851,-0.4149,128.1514,0.5,0.0,0.0,0,9.6042,125.9332,41.5242,0.9898,0.8044,4,0,False,153
-3.6974,37.7885,-41.4859,-109.78,-49.642,130.2243,-66.8876,15.1277,2.2644,1.0179,0.0179,126.6341,0.25,0.0,0.0,0,9.9117,101.3427,60.9955,0.9598,1.1617,6,2,False,154
44.5263,37.7885,6.7378,17.83,-78.0425,129.248,15.7488,14.1298,8.2982,1.0641,0.0641,129.4262,0.0,0.4751,0.0,0,9.8374,132.1384,50.9786,0.8557,1.1589,2,3,False,155
60.0877,37.7885,22.2992,59.01,-8.2098,121.7855,-31.326,15.9894,6.1726,1.0471,0.0471,130.9896,0.0,0.25,0.1673,5,9.2694,120.9283,55.9357,1.2112,1.1068,1,6,False,156
119.5379,37.7885,81.7494,216.33,-51.2666,133.0667,56.7317,15.3324,3.6616,1.0296,0.0296,123.8934,0.0,0.0,0.0,0,10.1281,142.4362,49.0047,0.9335,1.126,2,4,False,157
48.4202,37.7885,10.6317,28.13,-38.992,136.0765,-27.5373,16.0755,5.0514,0.9611,-0.0389,129.7523,0.0,0.0,0.0,0,10.3571,117.8676,54.4276,1.0607,1.064,6,3,False,158
48.9187,37.7885,11.1302,29.45,-44.7061,127.0068,8.2939,14.6497,27.0263,0.7859,-0.2141,126.2224,0.5,0.25,0.2224,4,9.6668,125.3477,48.6108,1.1031,0.835,7,2,False,159
84.7501,37.7885,46.9616,124.27,-36.1285,140.277,2.6352,14.9819,7.0517,1.0562,0.0562,125.4129,0.0,0.0,0.0,0,10.6768,124.3361,57.259,0.8735,1.143,3,4,False,160
-1.3457,37.7885,-39.1342,-103.56,-38.1743,132.2454,-75.4905,15.6069,4.3194,1.0335,0.0335,128.7956,0.0,0.0,0.0,0,10.0655,100.1076,58.0168,0.9245,1.1587,8,1,False,161
-44.8602,37.7885,-82.6487,-218.71,-48.1125,147.086,-93.9739,14.7588,35.1011,0.7252,-0.2748,127.7533,0.5,0.0,0.0083,1,11.1951,92.9694,49.3171,0.9702,1.2712,11,1,False,162
-119.4325,37.7885,-157.221,-416.06,-60.4218,121.772,-57.9808,13.9983,108.8036,0.1422,-0.8578,126.8376,1.0,0.0,0.8182,16,9.2684,107.4343,42.3726,1.2519,1.0435,8,0,False,163
-18.1168,37.7885,-55.9053,-147.94,-47.5396,127.2831,-79.7478,15.7336,2.3788,1.0184,0.0184,129.249,0.0,0.0,0.0,0,9.6878,98.2171,45.8805,0.9586,1.0549,4,2,False,164
57.147,37.7885,19.3585,51.23,-44.4764,126.9593,-4.985,15.4164,4.9345,1.0395,0.0395,124.9073,0.0,0.0,0.0,0,9.6632,123.6649,40.6099,0.9111,0.9637,5,1,False,165
-68.4335,37.7885,-106.222,-281.1,-75.4504,125.0374,-26.127,12.9227,78.9707,1.6261,0.6261,126.126,0.25,0.75,0.0,0,9.5169,114.5826,48.1922,0.8412,0.8707,6,6,False,166
15.6419,37.7885,-22.1466,-58.61,-45.24,134.3596,-54.4547,14.3231,4.6999,0.9627,-0.0373,125.8778,0.5,0.0,0.0,0,10.2265,103.4284,47.1183,0.8787,1.0637,8,1,False,167
13.5275,37.7885,-24.261,-64.2,-53.2569,140.082,-47.871,15.3109,10.1157,0.9213,-0.0787,128.58,0.0,0.25,0.0,0,10.662,109.4159,47.3876,0.9575,1.0296,6,1,False,168
75.7449,37.7885,37.9564,100.44,-18.3723,131.7809,-12.2975,12.6238,12.7424,1.1019,0.1019,125.0989,0.75,0.0,0.0,0,10.0302,118.9108,52.4357,0.6984,0.9708,6,1,False,169
-20.5736,37.7885,-58.3621,-154.44,-51.2451,122.1751,-40.1498,16.5597,34.794,0.7303,-0.2697,129.0051,0.0,0.0,0.0189,1,9.2991,115.3119,45.6853,1.1055,1.5222,4,1,False,170
-82.8876,37.7885,-120.6761,-319.35,-33.4166,125.2142,-111.3038,14.9521,48.4292,0.6179,-0.3821,126.7325,0.25,0.25,0.0863,2,9.5304,90.421,47.7352,1.0082,1.1428,4,2,False,171
-28.5349,37.7885,-66.3234,-175.51,-36.9759,128.2418,-60.0686,15.7919,43.9404,0.6541,-0.3459,127.0342,0.25,0.0,0.3539,8,9.7608,108.1584,61.7659,1.1717,1.3468,2,3,False,172
-41.4604,37.7885,-79.2489,-209.72,-55.5994,135.2675,-39.1798,15.1985,66.7502,0.481,-0.519,128.6136,0.25,0.25,0.0,0,10.2956,114.2477,46.7705,1.0201,0.9744,4,2,False,173
17.4766,37.7885,-20.3119,-53.75,-49.5961,128.2533,-36.6428,14.9345,9.6033,1.0748,0.0748,128.4662,0.0,0.0,0.0,0,9.7617,110.2928,49.9151,0.8318,1.0155,3,1,False,174
4.6086,37.7885,-33.1799,-87.8,-72.3673,128.148,-13.0442,15.5012,22.6267,0.8215,-0.1785,126.7536,0.2471,0.0,0.0615,2,9.7537,119.4758,56.8851,1.0266,1.3853,7,1,False,175
-63.8146,37.7885,-101.6031,-268.87,-73.9256,135.1022,-65.9982,16.6689,42.324,0.6696,-0.3304,128.1128,0.0,0.0,0.1237,3,10.283,105.0007,47.8473,1.158,1.2306,2,1,False,176
-16.217,37.7885,-54.0055,-142.92,-50.5552,126.502,-7.077,13.5655,71.5213,0.4465,-0.5535,129.2211,0.75,0.2182,0.8627,16,9.6284,122.4583,48.7658,1.1862,1.1506,9,2,False,177
-46.7601,37.7885,-84.5486,-223.74,-71.8184,131.5841,-48.1603,16.6588,41.7067,0.6752,-0.3248,128.4247,0.0,0.0,0.1819,4,10.0152,109.5437,53.8086,1.1531,0.798,5,0,False,178
-30.1301,37.7885,-67.9186,-179.73,-29.6171,126.4492,-16.702,14.6982,95.562,0.262,-0.738,129.4927,0.5,0.2471,0.3166,6,9.6244,119.3809,52.4242,1.1213,1.0287,4,3,False,179
47.0097,37.7885,9.2212,24.4,-29.4166,130.5804,-20.614,16.3169,17.2232,0.8652,-0.1348,127.7778,0.0,0.0,0.0,0,9.9388,120.9128,47.4895,1.0392,0.8535,4,0,False,180
12.0656,37.7885,-25.7229,-68.07,-67.0356,139.4224,-39.5768,15.1433,5.6011,1.0441,0.0441,126.8781,0.0,0.0,0.0,0,10.6118,105.7047,49.6354,0.9007,1.1084,3,4,False,181
17.2792,37.7885,-20.5093,-54.27,-50.37,132.3239,-32.8619,15.3995,16.4133,0.8721,-0.1279,128.3135,0.25,0.0,0.0,0,10.0715,113.1852,49.6706,1.0499,1.2259,4,4,False,182
-6.3721,37.7885,-44.1606,-116.86,-75.6796,126.0439,-38.7995,16.0918,1.8451,0.9857,-0.0143,129.2534,0.0,-0.0,0.0,0,9.5935,112.5589,41.6991,1.0223,0.9102,5,2,False,183
3.9866,37.7885,-33.8019,-89.45,-26.6931,132.4786,-56.7246,15.5789,29.4954,0.7724,-0.2276,129.612,0.25,0.0,0.0,0,10.0833,110.1292,41.5387,1.0007,1.032,8,0,False,184
-21.3384,37.7885,-59.1269,-156.47,-57.2711,141.8281,-62.5437,15.5518,27.8,0.7875,-0.2125,130.8285,0.25,0.0,0.1848,4,10.7949,106.0259,50.5916,1.056,0.9767,5,0,False,185
46.1117,37.7885,8.3232,22.03,-44.9488,143.1135,-34.3724,16.0762,1.6044,0.9874,-0.0126,127.0037,0.0,0.0,0.0,0,10.8927,110.8032,48.9361,1.0197,1.0141,4,2,False,186
26.9292,37.7885,-10.8593,-28.74,-61.4621,127.376,-15.084,16.1832,7.7176,0.9395,-0.0605,127.5242,0.0,0.0,0.0,0,9.6949,120.7457,47.7607,1.0957,0.9926,6,4,False,187
61.8245,37.7885,24.036,63.61,-41.9905,136.1074,15.4276,15.6327,32.0873,0.7484,-0.2516,127.5402,0.2471,0.0,0.1235,3,10.3595,130.1532,43.5305,1.0898,1.2397,5,2,False,188
41.5375,37.7885,3.749,9.92,-68.1385,144.369,-10.1836,14.6105,9.899,1.0771,0.0771,128.4263,0.0,0.0,0.0,0,10.9883,123.1873,49.0939,0.8266,1.0953,2,4,False,189
-83.1496,37.7885,-120.9381,-320.04,-49.4612,131.0287,-56.8578,14.7088,93.1505,0.2562,-0.7438,125.2288,0.4971,0.25,1.0791,16,9.9729,106.6399,43.0537,1.3958,0.8891,4,3,False,190
-26.5914,37.7885,-64.3799,-170.37,-18.8261,139.2455,-31.9203,15.6806,99.4099,0.2132,-0.7868,126.3409,0.25,0.25,0.4505,10,10.5983,116.1146,46.822,1.2675,1.0622,6,4,False,191
-10.8853,37.7885,-48.6738,-128.81,-57.062,120.4965,-23.3532,16.5545,34.4121,0.7332,-0.2668,128.9774,0.0,0.0,0.0789,2,9.1713,118.5027,55.2919,1.103,0.9226,4,1,False,192
36.2929,37.7885,-1.4956,-3.96,-31.8865,133.6429,-45.159,14.3452,5.9594,0.9551,-0.0449,132.5868,0.5,0.0,0.0,0,10.1719,113.7902,49.685,0.8823,1.3915,6,0,False,193
25.4108,37.7885,-12.3777,-32.76,-55.3796,133.4252,-30.0973,14.6018,7.9357,1.0625,0.0625,126.9405,0.25,0.0,0.0,0,10.1553,113.1376,54.453,0.8593,0.8904,3,1,False,194
10.1001,37.7885,-27.6884,-73.27,-42.8785,128.3386,-45.9113,14.6602,14.7885,1.1155,0.1155,128.0368,0.2471,0.0,0.0,0,9.7682,106.3362,45.7383,0.868,1.279,3,1,False,195
-23.9109,37.7885,-61.6994,-163.28,-32.6489,131.1233,-31.4313,16.2373,74.7167,0.4067,-0.5933,125.9263,0.0,0.25,0.1551,5,9.9801,114.8159,49.2596,1.2008,0.9139,4,3,False,196
-3.7118,37.7885,-41.5003,-109.82,-80.7135,126.9641,-30.9068,14.9067,4.1488,1.0322,0.0322,128.7727,0.0,0.25,0.0,0,9.6636,111.7709,59.0597,0.9275,0.955,2,3,False,197
-71.4737,37.7885,-109.2622,-289.14,-40.0717,124.9517,-84.8533,15.9341,55.5663,0.5751,-0.4249,130.7758,0.25,0.0,0.0,0,9.5104,103.4325,55.326,1.0994,0.9292,5,3,False,198
1.1457,37.7885,-36.6428,-96.97,-1.9692,129.4773,-41.225,16.1396,68.9977,0.4609,-0.5391,127.9898,0.25,0.0,0.163,3,9.8549,113.799,48.4266,1.1439,0.9738,5,1,False,199
-68.9577,37.7885,-106.7462,-282.48,-37.6419,130.4961,-88.3909,16.0857,57.3352,0.541,-0.459,124.9009,0.2251,0.0,0.0605,2,9.9324,96.0815,52.0359,1.0941,1.151,5,1,False,200
